factor_id,source_organization,dataset_name,dataset_version,publication_date,table_reference,geography,activity_unit,factor_value,output_unit,factor_gas,gwp_basis,status,source_url,notes
epa-efh-2025:natural-gas,US EPA,GHG Emission Factors Hub,2025,2025-01-15,"Table 1 Stationary Combustion, Natural Gas: 53.06 kg CO2, 1.0 g CH4, 0.10 g N2O per mmBtu; 1 therm = 0.1 mmBtu",USA,therm,5.3114,kgCO2e,CO2e,AR5,active,https://www.epa.gov/system/files/documents/2025-01/ghg-emission-factors-hub-2025.pdf,
epa-efh-2025:diesel,US EPA,GHG Emission Factors Hub,2025,2025-01-15,"Table 2 Mobile Combustion CO2, Diesel Fuel: 10.21 kg CO2 per gallon",USA,gallon,10.21,kgCO2e,CO2,AR5,active,https://www.epa.gov/system/files/documents/2025-01/ghg-emission-factors-hub-2025.pdf,"CO2 only. CH4 and N2O for on-road diesel are published per vehicle-mile (Hub Tables 3-5), so they cannot be added from gallons."
epa-efh-2025:propane,US EPA,GHG Emission Factors Hub,2025,2025-01-15,"Table 1 Stationary Combustion, Propane: 5.72 kg CO2, 0.27 g CH4, 0.05 g N2O per gallon",USA,gallon,5.7408,kgCO2e,CO2e,AR5,active,https://www.epa.gov/system/files/documents/2025-01/ghg-emission-factors-hub-2025.pdf,
epa-efh-2025:truck-medium-heavy,US EPA,GHG Emission Factors Hub,2025,2025-01-15,"Table 8 Scope 3 Categories 4 and 9, Medium- and Heavy-Duty Truck: 1.298 kg CO2, 0.0115 g CH4, 0.0376 g N2O per vehicle-mile",USA,vehicle-mile,1.3083,kgCO2e,CO2e,AR5,active,https://www.epa.gov/system/files/documents/2025-01/ghg-emission-factors-hub-2025.pdf,Vehicle-mile factors apply when the whole vehicle is dedicated to the reporting company's freight.
epa-efh-2025:air-short-haul,US EPA,GHG Emission Factors Hub,2025,2025-01-15,"Table 10 Scope 3 Categories 6 and 7, Air Travel Short Haul (< 300 miles): 0.207 kg CO2, 0.0064 g CH4, 0.0066 g N2O per passenger-mile",USA,passenger-mile,0.20893,kgCO2e,CO2e,AR5,active,https://www.epa.gov/system/files/documents/2025-01/ghg-emission-factors-hub-2025.pdf,
epa-efh-2025:passenger-car,US EPA,GHG Emission Factors Hub,2025,2025-01-15,"Table 10 Scope 3 Categories 6 and 7, Passenger Car: 0.297 kg CO2, 0.0059 g CH4, 0.0053 g N2O per vehicle-mile",USA,vehicle-mile,0.29857,kgCO2e,CO2e,AR5,active,https://www.epa.gov/system/files/documents/2025-01/ghg-emission-factors-hub-2025.pdf,
epa-egrid-2023:camx,US EPA,eGRID summary tables,eGRID2023 Revision 2,2025-06-12,"Table 1 Subregion Output Emission Rates, CAMX total output CO2e: 430.0 lb per MWh",USA-CAMX,kWh,0.19504,kgCO2e,CO2e,AR5,active,https://www.epa.gov/system/files/documents/2025-06/summary_tables_rev2.pdf,"Location-based. 430.0 lb/MWh x 0.45359237 kg/lb / 1,000 kWh/MWh."
ipcc-ar5-gwp100:r-410a,IPCC,"AR5 GWP-100, as tabulated in the EPA GHG Emission Factors Hub 2025 (Tables 11-12)",AR5,2013,"Hub Table 12 Blended Refrigerants, R-410A (50% HFC-32, 50% HFC-125): GWP-100 1,924",Global,kg,1924,kgCO2e,HFC-32 + HFC-125 blend,AR5,active,https://www.epa.gov/system/files/documents/2025-01/ghg-emission-factors-hub-2025.pdf,"HFC-32 (677) and HFC-125 (3,170) at 50/50 give 1,923.5; Hub Table 12 publishes 1,924."
epa-warm-2023:mixed-msw-landfilled,US EPA,"Waste Reduction Model (WARM) factors, as published in the EPA GHG Emission Factors Hub 2025 (Table 9)","WARM documentation, December 2023",2023-12,"Table 9 Scope 3 Categories 5 and 12, Mixed MSW, landfilled: 0.58 metric tons CO2e per short ton",USA,short ton,580,kgCO2e,CO2e,AR4,active,https://www.epa.gov/system/files/documents/2025-01/ghg-emission-factors-hub-2025.pdf,Hub Table 9 converts with AR4 GWPs. Excludes avoided emissions and landfill carbon storage.
internal-estimate:purchased-goods-spend,Eco-Auditor,Factor library - provisional internal estimates (not a published dataset),2026-09-30,,"Eco-Auditor factor library, purchased goods, spend-based",,USD,0.25,kgCO2e,CO2e,AR5,provisional,,Provisional: an industry-typical value pending citation verification. Not a published factor; the product flags it the same way.
